insert into tower ( id, name ) values ( 1, 'Olympic' );
insert into tower ( id, name ) values ( 2, 'Marine' );
insert into tower ( id, name ) values ( 3, 'Green' );


insert into ap ( id, numero ) values ( 1, '101');
insert into ap ( id, numero ) values ( 2, '102');
insert into ap ( id, numero ) values ( 3, '103');
insert into ap ( id, numero ) values ( 4, '104');

insert into ap ( id, numero ) values ( 5, '201');
insert into ap ( id, numero ) values ( 6, '202');
insert into ap ( id, numero ) values ( 7, '203');
insert into ap ( id, numero ) values ( 8, '204');

insert into ap ( id, numero ) values ( 9, '301');
insert into ap ( id, numero ) values ( 10, '302');
insert into ap ( id, numero ) values ( 11, '303');
insert into ap ( id, numero ) values ( 12, '304');

insert into ap ( id, numero ) values ( 13, '401');
insert into ap ( id, numero ) values ( 14, '402');
insert into ap ( id, numero ) values ( 15, '403');
insert into ap ( id, numero ) values ( 16, '404');

insert into ap ( id, numero ) values ( 17, '501');
insert into ap ( id, numero ) values ( 18, '502');
insert into ap ( id, numero ) values ( 19, '503');
insert into ap ( id, numero ) values ( 20, '504');

insert into ap ( id, numero ) values ( 21, '601');
insert into ap ( id, numero ) values ( 22, '602');
insert into ap ( id, numero ) values ( 23, '603');
insert into ap ( id, numero ) values ( 24, '604');

insert into ap ( id, numero ) values ( 25, '701');
insert into ap ( id, numero ) values ( 26, '702');
insert into ap ( id, numero ) values ( 27, '703');
insert into ap ( id, numero ) values ( 28, '704');

insert into ap ( id, numero ) values ( 29, '801');
insert into ap ( id, numero ) values ( 30, '802');
insert into ap ( id, numero ) values ( 31, '803');
insert into ap ( id, numero ) values ( 32, '804');

insert into ap ( id, numero ) values ( 33, '901');
insert into ap ( id, numero ) values ( 34, '902');
insert into ap ( id, numero ) values ( 35, '903');
insert into ap ( id, numero ) values ( 36, '904');

insert into ap ( id, numero ) values ( 37, '1001');
insert into ap ( id, numero ) values ( 38, '1002');
insert into ap ( id, numero ) values ( 39, '1003');
insert into ap ( id, numero ) values ( 40, '1004');

insert into ap ( id, numero ) values ( 41, '1101');
insert into ap ( id, numero ) values ( 42, '1102');
insert into ap ( id, numero ) values ( 43, '1103');
insert into ap ( id, numero ) values ( 44, '1104');

insert into ap ( id, numero ) values ( 45, '1201');
insert into ap ( id, numero ) values ( 46, '1202');
insert into ap ( id, numero ) values ( 47, '1203');
insert into ap ( id, numero ) values ( 48, '1204');

insert into ap ( id, numero ) values ( 49, '1301');
insert into ap ( id, numero ) values ( 50, '1302');
insert into ap ( id, numero ) values ( 51, '1303');
insert into ap ( id, numero ) values ( 52, '1304');

insert into ap ( id, numero ) values ( 53, '1401');
insert into ap ( id, numero ) values ( 54, '1402');
insert into ap ( id, numero ) values ( 55, '1403');
insert into ap ( id, numero ) values ( 56, '1404');

insert into ap ( id, numero ) values ( 57, '1501');
insert into ap ( id, numero ) values ( 58, '1502');
insert into ap ( id, numero ) values ( 59, '1503');
insert into ap ( id, numero ) values ( 60, '1504');

insert into ap ( id, numero ) values ( 61, '1601');
insert into ap ( id, numero ) values ( 62, '1602');
insert into ap ( id, numero ) values ( 63, '1603');
insert into ap ( id, numero ) values ( 64, '1604');

insert into ap ( id, numero ) values ( 65, '1701');
insert into ap ( id, numero ) values ( 66, '1702');
insert into ap ( id, numero ) values ( 67, '1703');
insert into ap ( id, numero ) values ( 68, '1704');

insert into dweller ( name, type, ap, tower) values( 'Evelyne Marie Therese  Mainbourg', 1,101,1);
insert into dweller ( name, type, ap, tower) values( 'Neivaldo da Silva Lima', 2,101,1);
insert into dweller ( name, type, ap, tower) values( 'Remi da Silva Lima', 2,101,1);

insert into dweller ( name, type, ap, tower) values( 'Charles Monteiro Porto', 1,102,1);
insert into dweller ( name, type, ap, tower) values( 'Thayani Queiroz Porto', 2,102,1);
insert into dweller ( name, type, ap, tower) values( 'Jordano Bruno dos Santos Herculano', 2,102,1);
insert into dweller ( name, type, ap, tower) values( 'Sarah Raquel Queiroz Porto', 2,102,1);
insert into dweller ( name, type, ap, tower) values( 'Maria Verbena Queiroz Porto', 2,102,1);

insert into dweller ( name, type, ap, tower) values( 'Michelly Azevedo Leite', 1,103,1);
insert into dweller ( name, type, ap, tower) values( 'Antônio Carlos V. Leite', 2,103,1);
insert into dweller ( name, type, ap, tower) values( 'Kaio Azevedo Leite', 2,103,1);
insert into dweller ( name, type, ap, tower) values( 'Késio', 2,103,1);
insert into dweller ( name, type, ap, tower) values( 'Quezia Carvalho Moura', 2,103,1);
insert into dweller ( name, type, ap, tower) values( 'Maria do Socorro Azedo Leite', 2,103,1);

insert into dweller ( name, type, ap, tower) values( 'Tricia de Mendonça Menezes Bueno da Silva', 1,104,1);
insert into dweller ( name, type, ap, tower) values( 'Marco Antônio Bueno da Silva', 2,104,1);
insert into dweller ( name, type, ap, tower) values( 'Miguel de Mendonça Menezes Bueno da Silva', 2,104,1);
insert into dweller ( name, type, ap, tower) values( 'Théo de Mendonça Menezes Bueno da Silva', 2,104,1);

insert into dweller ( name, type, ap, tower) values( 'Francisca Assis Mousse', 1,201,1);

insert into dweller ( name, type, ap, tower) values( 'Sizenaldo Galvão de Souza Neto', 1,202,1);
insert into dweller ( name, type, ap, tower) values( 'Rafael Reis de Souza', 2,202,1);
insert into dweller ( name, type, ap, tower) values( 'Debora Cristina Martins', 2,202,1);

insert into dweller ( name, type, ap, tower) values( 'Francisco Jacques de Amorim', 1,203,1);
insert into dweller ( name, type, ap, tower) values( 'Nirlei Meireles Barroncas', 2,203,1);
insert into dweller ( name, type, ap, tower) values( 'Lorena Barroncas Amorim', 2,203,1);
insert into dweller ( name, type, ap, tower) values( 'Rodrigo Barroncas Amorim', 2,203,1);

insert into dweller ( name, type, ap, tower) values( 'Julio Nakano Junior', 1,204,1);
insert into dweller ( name, type, ap, tower) values( 'Maria Elena', 2,204,1);
insert into dweller ( name, type, ap, tower) values( 'Edgar de Souza Filho', 2,204,1);
insert into dweller ( name, type, ap, tower) values( 'Sonia Maria de Sousa Pantoja', 2,204,1);

insert into dweller ( name, type, ap, tower) values( 'Ismael  Zaia', 1,301,1);
insert into dweller ( name, type, ap, tower) values( 'Elisa de F. de Godoy Zaia', 2,301,1);
insert into dweller ( name, type, ap, tower) values( 'Marina Zaia', 2,301,1);
insert into dweller ( name, type, ap, tower) values( 'Leonardo Zaia', 2,301,1);
insert into dweller ( name, type, ap, tower) values( 'Antonio Zaia', 2,301,1);

insert into dweller ( name, type, ap, tower) values( 'Lucia Carla da Gama Rodrigues', 1,302,1);
insert into dweller ( name, type, ap, tower) values( 'Leticia da Gama Rodrigues Braga', 2,302,1);
insert into dweller ( name, type, ap, tower) values( 'Wesley Oliveira', 2,302,1);
insert into dweller ( name, type, ap, tower) values( 'Alessandra Amorim Ramos', 2,302,1);
insert into dweller ( name, type, ap, tower) values( 'Tatiana Castro', 2,302,1);

insert into dweller ( name, type, ap, tower) values( 'Camila Loureiro Nunes', 1,303,1);
insert into dweller ( name, type, ap, tower) values( 'Flávio Cordeiro Antony Filho', 2,303,1);

insert into dweller ( name, type, ap, tower) values( 'Sonia Maria Lira', 1,304,1);
insert into dweller ( name, type, ap, tower) values( 'Marcelo Lira', 2,304,1);

insert into dweller ( name, type, ap, tower) values( 'José Cunha Barbosa Grosso', 1,401,1);
insert into dweller ( name, type, ap, tower) values( 'Bruno Rodrigo Pinto da Silva', 3,401,1);
insert into dweller ( name, type, ap, tower) values( 'Georgea Lins de Albuquerque da Silva', 3,401,1);

insert into dweller ( name, type, ap, tower) values( 'Regis Amaral Monteiro Junior', 1,402,1);
insert into dweller ( name, type, ap, tower) values( 'Monique A Pezzini', 2,402,1);
insert into dweller ( name, type, ap, tower) values( 'Lis Nóbrega P. Almeida', 3,402,1);
insert into dweller ( name, type, ap, tower) values( 'Lucimar Lima Augusto', 3,402,1);
insert into dweller ( name, type, ap, tower) values( 'Luciana Lima Augusto', 3,402,1);
insert into dweller ( name, type, ap, tower) values( 'Camila Lima Augusto', 3,402,1);

insert into dweller ( name, type, ap, tower) values( 'José Orlando de Souza', 1,403,1);
insert into dweller ( name, type, ap, tower) values( 'Carlos André Pscheidt', 3,403,1);
insert into dweller ( name, type, ap, tower) values( 'Vanessa Unisesky Pscheidt', 3,403,1);
insert into dweller ( name, type, ap, tower) values( 'Mateus Unisesky Pscheidt', 4,403,1);
insert into dweller ( name, type, ap, tower) values( 'Pedro Unisesky Pscheidt', 4,403,1);

insert into dweller ( name, type, ap, tower) values( 'Faustomaia de Oliveira', 1,404,1);
insert into dweller ( name, type, ap, tower) values( 'Katia Maria Marinho da Costa', 2,404,1);
insert into dweller ( name, type, ap, tower) values( 'Yago Costa de Oliveira', 2,404,1);

insert into dweller ( name, type, ap, tower) values( 'Vivian Nara Ribeiro de Oliveira', 1,501,1);
insert into dweller ( name, type, ap, tower) values( 'Joaab Melo Barbosa', 2,501,1);

insert into dweller ( name, type, ap, tower) values( 'Maria Auxiliadora Bento Moreira', 1,502,1);
insert into dweller ( name, type, ap, tower) values( 'Mônica Bento Colares', 2,502,1);
insert into dweller ( name, type, ap, tower) values( 'Francisco Moreira de Souza Neto', 2,502,1);

insert into dweller ( name, type, ap, tower) values( 'Reinilda Guimarães do Valle', 1,503,1);
insert into dweller ( name, type, ap, tower) values( 'Caroline Guimarães do Valle', 2,503,1);
insert into dweller ( name, type, ap, tower) values( 'José Carlos Pereira do Valle', 2,503,1);

insert into dweller ( name, type, ap, tower) values( 'Ana Paula Marques Kauffman', 1,504,1);
insert into dweller ( name, type, ap, tower) values( 'Rosalina Lobato Tavares', 2,504,1);
insert into dweller ( name, type, ap, tower) values( 'Maria Tereza Lobato Kauffman', 2,504,1);
insert into dweller ( name, type, ap, tower) values( 'Sofia Helena Lobato Kauffman', 2,504,1);
insert into dweller ( name, type, ap, tower) values( 'André Luiz Carvalho Barreiros', 2,504,1);
insert into dweller ( name, type, ap, tower) values( 'Francisco Ana da Cunha', 2,504,1);

insert into dweller ( name, type, ap, tower) values( 'Vilson Antônio Borrelli', 1,601,1);
insert into dweller ( name, type, ap, tower) values( 'Lucimar o. Borelli', 2,601,1);
insert into dweller ( name, type, ap, tower) values( 'Lucas o. Borelli', 2,601,1);
insert into dweller ( name, type, ap, tower) values( 'Luciana o. Borelli', 2,601,1);

insert into dweller ( name, type, ap, tower) values( 'Diego Mendes de Souza', 1,602,1);
insert into dweller ( name, type, ap, tower) values( 'Erielle Costa Brandão', 2,602,1);

insert into dweller ( name, type, ap, tower) values( 'Renata Pinheiro Akel', 1,603,1);
insert into dweller ( name, type, ap, tower) values( 'Maria de Lourdes Pinheiro', 1,603,1);
insert into dweller ( name, type, ap, tower) values( 'Cícero Antônio Rodrigues', 3,603,1);
insert into dweller ( name, type, ap, tower) values( 'Maira Amancio Medeiros', 3,603,1);
insert into dweller ( name, type, ap, tower) values( 'Joel Victor Medeiros', 3,603,1);
insert into dweller ( name, type, ap, tower) values( 'Amanda Medeiros', 3,603,1);

insert into dweller ( name, type, ap, tower) values( 'Eliane do Socorro Matos de Melo', 1,604,1);
insert into dweller ( name, type, ap, tower) values( 'Mario Wilson F. da Silva', 2,604,1);
insert into dweller ( name, type, ap, tower) values( 'Henrique José de O. Felix Junior', 2,604,1);
insert into dweller ( name, type, ap, tower) values( 'Maria Diamor de Melo', 2,604,1);
insert into dweller ( name, type, ap, tower) values( 'Lucas Melo de Figueiredo', 2,604,1);
insert into dweller ( name, type, ap, tower) values( 'Luisa Astarita Sangoi', 3,604,1);
insert into dweller ( name, type, ap, tower) values( 'Rodrigo Trindade', 3,604,1);

insert into dweller ( name, type, ap, tower) values( 'Maria Lucia Gomes de Souza', 1,701,1);
insert into dweller ( name, type, ap, tower) values( 'Fábio de Tarsis Gama Cordeiro', 3,701,1);
insert into dweller ( name, type, ap, tower) values( 'Deliana Rúbia de A.A. G. Cordeiro', 3,701,1);

insert into dweller ( name, type, ap, tower) values( 'Aparecido Donizete Medeiros de Almeida', 1,702,1);
insert into dweller ( name, type, ap, tower) values( 'Ana Claudia Evangelista de Almeida', 2,702,1);
insert into dweller ( name, type, ap, tower) values( 'Gabriela Evangelista Almeida', 2,702,1);
insert into dweller ( name, type, ap, tower) values( 'Mayra E Almeida', 2,702,1);
insert into dweller ( name, type, ap, tower) values( 'Lucas Evangelista de Almeida', 2,702,1);
insert into dweller ( name, type, ap, tower) values( 'Mariana Martins', 2,702,1);

insert into dweller ( name, type, ap, tower) values( 'Diego Alferes Filho Mendonça', 1,703,1);
insert into dweller ( name, type, ap, tower) values( 'Paula Chistina Freitas Neves Sisto', 3,703,1);
insert into dweller ( name, type, ap, tower) values( 'Tiago Martins Sisto', 3,703,1);
insert into dweller ( name, type, ap, tower) values( 'Bianca Freitas Sisto', 3,703,1);

insert into dweller ( name, type, ap, tower) values( 'Jaisa Rodrigues de Araújo', 1,704,1);
insert into dweller ( name, type, ap, tower) values( 'Silvia Helena Dantas Dias', 2,704,1);
insert into dweller ( name, type, ap, tower) values( 'Armando A Pires Dias', 2,704,1);
insert into dweller ( name, type, ap, tower) values( 'Gabriel Araujo Dias', 2,704,1);

insert into dweller ( name, type, ap, tower) values( 'Maria de Fátima Grosso da Silveira', 1,801,1);
insert into dweller ( name, type, ap, tower) values( 'Leonardo de Oliveira Vieira', 3,801,1);
insert into dweller ( name, type, ap, tower) values( 'Tássia Xavier Vieira', 3,801,1);

insert into dweller ( name, type, ap, tower) values( 'Daniel Reis Wanderley', 1,802,1);
insert into dweller ( name, type, ap, tower) values( 'Aline kethleen Reis Wanderley', 1,802,1);
insert into dweller ( name, type, ap, tower) values( 'Osamu Yabuzari', 3,802,1);

insert into dweller ( name, type, ap, tower) values( 'Claudio de Souza', 1,803,1);
insert into dweller ( name, type, ap, tower) values( 'Ana Maria Milerio de Souza', 2,803,1);
insert into dweller ( name, type, ap, tower) values( 'Claudiana Milerio de Souza', 2,803,1);
insert into dweller ( name, type, ap, tower) values( 'Cleyton Milerio de Souza', 2,803,1);
insert into dweller ( name, type, ap, tower) values( 'Paola Cristina Milerio', 2,803,1);
insert into dweller ( name, type, ap, tower) values( 'Dênis Maurício', 2,803,1);

insert into dweller ( name, type, ap, tower) values( 'Renato Souza Louro', 1,804,1);
insert into dweller ( name, type, ap, tower) values( 'Herika Silotti', 2,804,1);

insert into dweller ( name, type, ap, tower) values( 'Rozalvo Pereira Braga', 1,901,1);
insert into dweller ( name, type, ap, tower) values( 'Maria das Graças de Oliveira Braga', 2,901,1);
insert into dweller ( name, type, ap, tower) values( 'Paula Frota', 2,901,1);
insert into dweller ( name, type, ap, tower) values( 'Evelyn Conceição de Oliveira Braga', 2,901,1);
insert into dweller ( name, type, ap, tower) values( 'Linda L O Santana', 2,901,1);
insert into dweller ( name, type, ap, tower) values( 'Marcus Eduardo Oliveira', 2,901,1);

insert into dweller ( name, type, ap, tower) values( 'Neison Luiz Carnelosso Pereira', 1,902,1);
insert into dweller ( name, type, ap, tower) values( 'Helen Juçara Amaral Paiva', 2,902,1);
insert into dweller ( name, type, ap, tower) values( 'Pedro Henrique Paiva Pereira', 2,902,1);

insert into dweller ( name, type, ap, tower) values( 'Alcindo Jatobá Simões', 1,903,1);
insert into dweller ( name, type, ap, tower) values( 'Eugenia Vitoria Trindade Simões', 1,903,1);
insert into dweller ( name, type, ap, tower) values( 'Vicgto Hugo T. Simões', 1,903,1);
insert into dweller ( name, type, ap, tower) values( 'Keije Isa', 3,903,1);

insert into dweller ( name, type, ap, tower) values( 'Ana Paula de Medeiros Braga', 1,904,1);
insert into dweller ( name, type, ap, tower) values( 'Thiago de Souza Bussulo', 2,904,1);

insert into dweller ( name, type, ap, tower) values( 'Waldete Barbosa de Aguiar', 1,1001,1);
insert into dweller ( name, type, ap, tower) values( 'Vanessa Klisia de Aguiar Gonçalves', 2,1001,1);

insert into dweller ( name, type, ap, tower) values( 'Thiago Amillcar de Souza Porto Alves', 1,1002,1);
insert into dweller ( name, type, ap, tower) values( 'Emanoel Saletino', 2,1002,1);
insert into dweller ( name, type, ap, tower) values( 'Camila Karine F. de Oliveira', 2,1002,1);

insert into dweller ( name, type, ap, tower) values( 'Maria Cláudia Dias Carvalho', 1,1003,1);
insert into dweller ( name, type, ap, tower) values( 'Caio Cézar Dias Carvalho', 2,1003,1);
insert into dweller ( name, type, ap, tower) values( 'Wanessa Nunes', 2,1003,1);
insert into dweller ( name, type, ap, tower) values( 'Otávio Augusto Dias Carvalho', 2,1003,1);

insert into dweller ( name, type, ap, tower) values( 'Edilton de Souza Alves', 1,1004,1);
insert into dweller ( name, type, ap, tower) values( 'Maialu de Souza Porto Alves', 2,1004,1);
insert into dweller ( name, type, ap, tower) values( 'Tarcísio Diogo Porto', 2,1004,1);

insert into dweller ( name, type, ap, tower) values( 'José Renier da Silva Guimarães', 1,1101,1);
insert into dweller ( name, type, ap, tower) values( 'Cristina M da S Guimarães', 2,1101,1);
insert into dweller ( name, type, ap, tower) values( 'Lucas da Silva S. Guimarães', 2,1101,1);
insert into dweller ( name, type, ap, tower) values( 'Beatriz da Silva S. Guimarães', 2,1101,1);

insert into dweller ( name, type, ap, tower) values( 'Mary Lane Salim Pedroso', 1,1102,1);
insert into dweller ( name, type, ap, tower) values( 'Welington da Silva Briglia', 2,1102,1);
insert into dweller ( name, type, ap, tower) values( 'Shirley da Silva Briglia', 2,1102,1);
insert into dweller ( name, type, ap, tower) values( 'Vinicius Salim Pedroso Briglia', 2,1102,1);
insert into dweller ( name, type, ap, tower) values( 'Hemylly Dias Pedroso', 2,1102,1);

insert into dweller ( name, type, ap, tower) values( 'Mene e Portella Publicidade Ltda', 1,1103,1);
insert into dweller ( name, type, ap, tower) values( 'Tulio Mêne Melo', 1,1103,1);
insert into dweller ( name, type, ap, tower) values( 'Nílio Braga Portela', 1,1103,1);
insert into dweller ( name, type, ap, tower) values( 'Suzana Alencar', 1,1103,1);
insert into dweller ( name, type, ap, tower) values( 'Suzana Sausmikat N. Alecar', 2,1103,1);
insert into dweller ( name, type, ap, tower) values( 'Paulo Henrique S. N. Alencar', 2,1103,1);
insert into dweller ( name, type, ap, tower) values( 'Fernanda Saumikat N. Alencar', 2,1103,1);
insert into dweller ( name, type, ap, tower) values( 'Lurdiane Cardoso', 2,1103,1);
insert into dweller ( name, type, ap, tower) values( 'José Humberto Miranda Ferreira Filho', 2,1103,1);
insert into dweller ( name, type, ap, tower) values( 'João Moacir Pereira Filho', 2,1103,1);
insert into dweller ( name, type, ap, tower) values( 'Jorge Seadi', 2,1103,1);
insert into dweller ( name, type, ap, tower) values( 'Carlos Hentges', 2,1103,1);
insert into dweller ( name, type, ap, tower) values( 'Pedro Foss', 2,1103,1);
insert into dweller ( name, type, ap, tower) values( 'Regina Marcia Almeida Sausmikat', 2,1103,1);

insert into dweller ( name, type, ap, tower) values( 'Charles Rocha da Silva', 1,1104,1);
insert into dweller ( name, type, ap, tower) values( 'Ines Rocha da Silva', 2,1104,1);

insert into dweller ( name, type, ap, tower) values( 'Rossi Freitas da Silva', 1,1201,1);
insert into dweller ( name, type, ap, tower) values( 'SEONG HOON YOOU', 3,1201,1);

insert into dweller ( name, type, ap, tower) values( 'Helio Fernando Ribeiro Penha', 1,1202,1);
insert into dweller ( name, type, ap, tower) values( 'Maria Isabel Pimentel Vieira', 2,1202,1);

insert into dweller ( name, type, ap, tower) values( 'Roberto Afonso Lasmar', 1,1203,1);
insert into dweller ( name, type, ap, tower) values( 'Lourdes Helena F. Lasmar', 2,1203,1);
insert into dweller ( name, type, ap, tower) values( 'Gustavo Afonso Lasmar Arruda', 2,1203,1);
insert into dweller ( name, type, ap, tower) values( 'Simone Freira Lasmar', 2,1203,1);
insert into dweller ( name, type, ap, tower) values( 'Silvia Freire Lasmar', 2,1203,1);
insert into dweller ( name, type, ap, tower) values( 'Marcelo Freire Lasmar', 2,1203,1);
insert into dweller ( name, type, ap, tower) values( 'Rodrigo Mesquita de Souza', 2,1203,1);

insert into dweller ( name, type, ap, tower) values( 'Dermilson Garcia Souza', 1,1204,1);
insert into dweller ( name, type, ap, tower) values( 'Delvanei S. Souza', 2,1204,1);
insert into dweller ( name, type, ap, tower) values( 'Marcio Thiago dos Santos Souza', 2,1204,1);
insert into dweller ( name, type, ap, tower) values( 'Mateus dos Santos Garcia Souza', 2,1204,1);
insert into dweller ( name, type, ap, tower) values( 'Danielly', 2,1204,1);
insert into dweller ( name, type, ap, tower) values( 'Marcelo', 2,1204,1);

insert into dweller ( name, type, ap, tower) values( 'Maria do Socorro Lamongi de Souza', 1,1301,1);
insert into dweller ( name, type, ap, tower) values( 'Maria de Lourdes Lamongi', 2,1301,1);
insert into dweller ( name, type, ap, tower) values( 'Izabela Cristina Arce Orlanda', 2,1301,1);
insert into dweller ( name, type, ap, tower) values( 'Luiz Henrique Arce Olanda', 2,1301,1);

insert into dweller ( name, type, ap, tower) values( 'Carlos Augusto do Nascimento Veras', 1,1302,1);
insert into dweller ( name, type, ap, tower) values( 'Antonia Maria Coelho Veras', 2,1302,1);
insert into dweller ( name, type, ap, tower) values( 'Carlos Augusto do N. Veras Junior', 2,1302,1);
insert into dweller ( name, type, ap, tower) values( 'Micaella Veras Barroco', 2,1302,1);

insert into dweller ( name, type, ap, tower) values( 'Mario Expedito Neves Guerreiro', 1,1303,1);
insert into dweller ( name, type, ap, tower) values( 'Leandro do Nascimento Guerreiro', 3,1303,1);
insert into dweller ( name, type, ap, tower) values( 'Andresa Guerreiro', 3,1303,1);
insert into dweller ( name, type, ap, tower) values( 'Pedro Guerreiro', 3,1303,1);

insert into dweller ( name, type, ap, tower) values( 'Cesar Augusto de Pinho Pereira', 1,1304,1);
insert into dweller ( name, type, ap, tower) values( 'Endro Rocha de Souza', 2,1304,1);
insert into dweller ( name, type, ap, tower) values( 'Vivian de Sousa Maneymne Pinho', 2,1304,1);

insert into dweller ( name, type, ap, tower) values( 'Luiza Leonor Alves de Vasconcelos Dias Mendonça', 1,1401,1);
insert into dweller ( name, type, ap, tower) values( 'Igor de Vasconcelos dias Henrique', 2,1401,1);

insert into dweller ( name, type, ap, tower) values( 'Jonas Martins Neves', 1,1402,1);
insert into dweller ( name, type, ap, tower) values( 'kethleen Canto Neves', 1,1402,1);
insert into dweller ( name, type, ap, tower) values( 'Izabelle Cantos Neves', 1,1402,1);
insert into dweller ( name, type, ap, tower) values( 'Eliene Nunes Nodesto Frezer', 3,1402,1);
insert into dweller ( name, type, ap, tower) values( 'Eliene N.M. Frezer', 3,1402,1);
insert into dweller ( name, type, ap, tower) values( 'Pedro frezer', 3,1402,1);
insert into dweller ( name, type, ap, tower) values( 'Isadora Frezer', 3,1402,1);
insert into dweller ( name, type, ap, tower) values( 'Julio Frezer', 3,1402,1);

insert into dweller ( name, type, ap, tower) values( 'Helaine Gleicy de S. Borba Maciel', 1,1403,1);
insert into dweller ( name, type, ap, tower) values( 'Fabiano da Silva Maciel', 2,1403,1);
insert into dweller ( name, type, ap, tower) values( 'Livia Gabriela B. Macial', 2,1403,1);

insert into dweller ( name, type, ap, tower) values( 'Antonia Bosca Escudeiro', 1,1404,1);

insert into dweller ( name, type, ap, tower) values( 'Marcelo Carvalho da Silva', 1,1501,1);
insert into dweller ( name, type, ap, tower) values( 'Maria do Socorro Cavalcante da Costa', 2,1501,1);
insert into dweller ( name, type, ap, tower) values( 'Eduardo Cavalcante da Costa', 2,1501,1);

insert into dweller ( name, type, ap, tower) values( 'Fernando Choshin Marques Gomes Kameyama', 1,1502,1);
insert into dweller ( name, type, ap, tower) values( 'Nathalia Rodrigues Silva', 2,1502,1);
insert into dweller ( name, type, ap, tower) values( 'Georgia Simone Silva', 5,1502,1);

insert into dweller ( name, type, ap, tower) values( 'Pac Dabela', 1,1503,1);

insert into dweller ( name, type, ap, tower) values( 'Firmino Maciel Neto', 1,1504,1);
insert into dweller ( name, type, ap, tower) values( 'Maria da Silva Maciel', 2,1504,1);
insert into dweller ( name, type, ap, tower) values( 'Fabricio da Silva Maciel', 2,1504,1);

insert into dweller ( name, type, ap, tower) values( 'José Cunha Barbosa Grosso', 1,1601,1);
insert into dweller ( name, type, ap, tower) values( 'Taisa de Souza Barbosa Grosso', 2,1601,1);
insert into dweller ( name, type, ap, tower) values( 'Francisca Elita S. Barbosa Grosso', 2,1601,1);

insert into dweller ( name, type, ap, tower) values( 'Anfremon D’Amazonas Monteiro Neto', 1,1602,1);
insert into dweller ( name, type, ap, tower) values( 'Kharla Lilibeth Belsuzarri Chavez', 2,1602,1);
insert into dweller ( name, type, ap, tower) values( 'Sofia Belsuzarri', 2,1602,1);

insert into dweller ( name, type, ap, tower) values( 'Engeco-Engenharia e Construções Ltda', 1,1603,1);

insert into dweller ( name, type, ap, tower) values( 'Paulo Afonso Pereira', 1,1604,1);
insert into dweller ( name, type, ap, tower) values( 'Marinete Andrade de Carvalho', 2,1604,1);

insert into dweller ( name, type, ap, tower) values( 'Olinda Pinto de Sousa', 1,1701,1);
insert into dweller ( name, type, ap, tower) values( 'Ralf Aguirre de Souza Melo', 2,1701,1);
insert into dweller ( name, type, ap, tower) values( 'Pablo Enrique de Souza H. Druvi', 2,1701,1);
insert into dweller ( name, type, ap, tower) values( 'Antonio de Souza Galucio Junior', 2,1701,1);

insert into dweller ( name, type, ap, tower) values( 'Milton de Lima Moulin', 1,1702,1);
insert into dweller ( name, type, ap, tower) values( 'Letícia Magalhães Espósito', 1,1702,1);
insert into dweller ( name, type, ap, tower) values( 'Bernardo Mareno Mejic', 3,1702,1);
insert into dweller ( name, type, ap, tower) values( 'Ana Carolina Cargamo', 3,1702,1);
insert into dweller ( name, type, ap, tower) values( 'Leonardo Moreno Cargamo', 3,1702,1);

insert into dweller ( name, type, ap, tower) values( 'José Agnaldo Medeiros Said', 1,1703,1);
insert into dweller ( name, type, ap, tower) values( 'Chanwoo Lee', 3,1703,1);

insert into dweller ( name, type, ap, tower) values( 'Silvana Pascoal Novo', 1,1704,1);
insert into dweller ( name, type, ap, tower) values( 'Edilson Rufino de Jesus', 2,1704,1);



insert into dweller ( name, type, ap, tower) values( 'Bernadete Morais da Silva', 1,101,2);
insert into dweller ( name, type, ap, tower) values( 'Mary Kethleen Morais Benoliel', 1,101,2);

insert into dweller ( name, type, ap, tower) values( 'Bernadete Resende Costa Seabra', 1,102,2);
insert into dweller ( name, type, ap, tower) values( 'Marina Rezende Lopes', 2,102,2);
insert into dweller ( name, type, ap, tower) values( 'Allan da Costa Ribeiro', 2,102,2);

insert into dweller ( name, type, ap, tower) values( 'Fatima Geisa Mendes Teixeira', 1,103,2);
insert into dweller ( name, type, ap, tower) values( 'Cassio Teixeira da Rocha', 2,103,2);
insert into dweller ( name, type, ap, tower) values( 'Luiz Claudio Ribeiro da Rocha', 2,103,2);
insert into dweller ( name, type, ap, tower) values( 'Tadeu Rocha', 2,103,2);
insert into dweller ( name, type, ap, tower) values( 'Jorge Luiz M. Teixeira', 2,103,2);

insert into dweller ( name, type, ap, tower) values( 'Bernadete Morais da Silva', 1,104,2);
insert into dweller ( name, type, ap, tower) values( 'Mary Kethleen Morais Benoliel', 2,104,2);
insert into dweller ( name, type, ap, tower) values( 'Paulo R. Pinheiro de Oliveira', 2,104,2);

insert into dweller ( name, type, ap, tower) values( 'Rogerio Andrade Scartamburlo', 1,201,2);
insert into dweller ( name, type, ap, tower) values( 'Daniele Ribeira Ferreira', 2,201,2);
insert into dweller ( name, type, ap, tower) values( 'Ana Carlina Ferreira Scartamburlo', 2,201,2);

insert into dweller ( name, type, ap, tower) values( 'Bernadete Moraes da Silva', 1,202,2);
insert into dweller ( name, type, ap, tower) values( 'Mary Benoliel', 2,202,2);
insert into dweller ( name, type, ap, tower) values( 'Paulo R. Pinheiro de Oliveira', 2,202,2);
insert into dweller ( name, type, ap, tower) values( 'Han Sub Yeon', 3,202,2);

insert into dweller ( name, type, ap, tower) values( 'Nazide Marques Hiroiaque', 1,203,2);
insert into dweller ( name, type, ap, tower) values( 'Carla Cristina Pereira de Queiroz', 2,203,2);
insert into dweller ( name, type, ap, tower) values( 'Francisco da Chagas Hiroiaque', 2,203,2);

insert into dweller ( name, type, ap, tower) values( 'Gessy de Acauan leitão', 1,204,2);
insert into dweller ( name, type, ap, tower) values( 'Danielle Batista Campos', 2,204,2);
insert into dweller ( name, type, ap, tower) values( 'Ademar Moura', 2,204,2);

insert into dweller ( name, type, ap, tower) values( 'Bernardo Humberto Michiles Vianez', 1,301,2);
insert into dweller ( name, type, ap, tower) values( 'Thaysa Neves Michilis Vianez', 2,301,2);

insert into dweller ( name, type, ap, tower) values( 'Ruy Mendonça Barbosa', 1,302,2);
insert into dweller ( name, type, ap, tower) values( 'Leandro da silva Barbosa', 2,302,2);
insert into dweller ( name, type, ap, tower) values( 'Anne Caroline S. Barbosa', 2,302,2);
insert into dweller ( name, type, ap, tower) values( 'Juliane Cibele Barbosa', 2,302,2);
insert into dweller ( name, type, ap, tower) values( 'Marcilon Junior Brandão', 2,302,2);
insert into dweller ( name, type, ap, tower) values( 'Brenda Lissa', 2,302,2);

insert into dweller ( name, type, ap, tower) values( 'Josias Parente de Oliveira', 1,303,2);
insert into dweller ( name, type, ap, tower) values( 'Rosilene da Silva Macedo', 2,303,2);

insert into dweller ( name, type, ap, tower) values( 'Cristiane Maia Botelho', 1,304,2);
insert into dweller ( name, type, ap, tower) values( 'Orlando Gouveia Souza', 2,304,2);
insert into dweller ( name, type, ap, tower) values( 'Daniele', 2,304,2);
insert into dweller ( name, type, ap, tower) values( 'Patrícia', 2,304,2);
insert into dweller ( name, type, ap, tower) values( 'Andre Luiz Botelho Souza', 2,304,2);
insert into dweller ( name, type, ap, tower) values( 'Ana Luiza Botelho de Souza', 2,304,2);

insert into dweller ( name, type, ap, tower) values( 'Carlos Alberto Pedrosa de Souza', 1,401,2);
insert into dweller ( name, type, ap, tower) values( 'Keliane Monteiro Pereira', 2,401,2);
insert into dweller ( name, type, ap, tower) values( 'Jasmim Monteiro de Souza', 2,401,2);

insert into dweller ( name, type, ap, tower) values( 'Antônio Cleuder Lima da Silva', 1,402,2);
insert into dweller ( name, type, ap, tower) values( 'Leandra Amorim de Souza', 2,402,2);

insert into dweller ( name, type, ap, tower) values( 'Ruth Raimunda Reais dos Santos', 1,403,2);
insert into dweller ( name, type, ap, tower) values( 'Claudia Neves Ferreira', 2,403,2);
insert into dweller ( name, type, ap, tower) values( 'Yuri Suriel Alcantara da Silva', 2,403,2);

insert into dweller ( name, type, ap, tower) values( 'Glydstone Silva Cesar', 1,404,2);
insert into dweller ( name, type, ap, tower) values( 'Márcia Beiruth', 2,404,2);
insert into dweller ( name, type, ap, tower) values( 'Erico Roessing', 2,404,2);
insert into dweller ( name, type, ap, tower) values( 'Camila Beiruth', 2,404,2);
insert into dweller ( name, type, ap, tower) values( 'Isadora Beiuth', 2,404,2);
insert into dweller ( name, type, ap, tower) values( 'Glydstone Jr', 2,404,2);

insert into dweller ( name, type, ap, tower) values( 'Simone de Souza Pinto', 1,501,2);

insert into dweller ( name, type, ap, tower) values( 'Tereza Vieira da Encarnação', 1,502,2);
insert into dweller ( name, type, ap, tower) values( 'Eduardo Vieira Filho', 2,502,2);
insert into dweller ( name, type, ap, tower) values( 'Antonio Anselmo Pinheiro', 2,502,2);
insert into dweller ( name, type, ap, tower) values( 'Priscila Roberto M. do Nascimento', 2,502,2);
insert into dweller ( name, type, ap, tower) values( 'Grace Maria Lopes Vieira', 2,502,2);
insert into dweller ( name, type, ap, tower) values( 'Cassiano Alfeu Rodrigues Encarnação', 2,502,2);

insert into dweller ( name, type, ap, tower) values( 'Alessandro Samartini de Gouveia', 1,503,2);
insert into dweller ( name, type, ap, tower) values( 'Igor Starlin Peixoto', 2,503,2);

insert into dweller ( name, type, ap, tower) values( 'Tatiana Salles de Souza Malaspina', 1,504,2);
insert into dweller ( name, type, ap, tower) values( 'Odirlei Arruda Malaspina', 2,504,2);

insert into dweller ( name, type, ap, tower) values( 'Maria de Fatima Grosso da Silveira', 1,601,2);
insert into dweller ( name, type, ap, tower) values( 'Tiago da Silva Lima', 2,601,2);

insert into dweller ( name, type, ap, tower) values( 'Alessandro Moreira Silva', 1,602,2);
insert into dweller ( name, type, ap, tower) values( 'Jackeline Cardoso Moreira', 2,602,2);
insert into dweller ( name, type, ap, tower) values( 'Alessandra Cardoso Moreira Silva', 2,602,2);
insert into dweller ( name, type, ap, tower) values( 'Valter Silva Neto', 2,602,2);

insert into dweller ( name, type, ap, tower) values( 'Alessandra Obando Jansen', 1,603,2);
insert into dweller ( name, type, ap, tower) values( 'Gisele Aparecida  Barbosa Barros', 2,603,2);

insert into dweller ( name, type, ap, tower) values( 'Jose Carlos da Silva Costa', 1,604,2);
insert into dweller ( name, type, ap, tower) values( 'Ketlen Oliveira da Silva', 2,604,2);
insert into dweller ( name, type, ap, tower) values( 'Kelvin da Silva Costa', 2,604,2);
insert into dweller ( name, type, ap, tower) values( 'Vera Vilce Oliveira da Silva', 2,604,2);
insert into dweller ( name, type, ap, tower) values( 'Carlos André Alves da Silva', 2,604,2);
insert into dweller ( name, type, ap, tower) values( 'Bruno da Silva Costa', 2,604,2);
insert into dweller ( name, type, ap, tower) values( 'Lucidalva Miranda', 2,604,2);

insert into dweller ( name, type, ap, tower) values( 'Yudermys Amezaga Santana', 1,701,2);
insert into dweller ( name, type, ap, tower) values( 'Alexis Viciaedo Royo', 2,701,2);
insert into dweller ( name, type, ap, tower) values( 'Pablo Oscar Amezaga Acosta', 2,701,2);

insert into dweller ( name, type, ap, tower) values( 'Nelson Mamede Junior', 1,702,2);
insert into dweller ( name, type, ap, tower) values( 'Rosana Oliveira Rocha Mamede', 2,702,2);
insert into dweller ( name, type, ap, tower) values( 'Murilo Rocha Mamede', 2,702,2);
insert into dweller ( name, type, ap, tower) values( 'Gustavo Rocha Mamede', 2,702,2);

insert into dweller ( name, type, ap, tower) values( 'Marco Antonio de Melo Ferreira', 1,703,2);
insert into dweller ( name, type, ap, tower) values( 'Selma Arnaud Ferreira', 2,703,2);
insert into dweller ( name, type, ap, tower) values( 'Izabella Arnaud Ferreira', 2,703,2);
insert into dweller ( name, type, ap, tower) values( 'Igor Arnaud Ferreira', 2,703,2);

insert into dweller ( name, type, ap, tower) values( 'Francisco Hermelindo Vieira', 1,704,2);
insert into dweller ( name, type, ap, tower) values( 'Meire Jane Alencar de Souza Ferreira', 2,704,2);

insert into dweller ( name, type, ap, tower) values( 'José Cunha Barbosa Grosso', 1,801,2);
insert into dweller ( name, type, ap, tower) values( 'Felipe Antonio de Melo Santos', 3,801,2);
insert into dweller ( name, type, ap, tower) values( 'Ana Maria Galvão Ferreira', 4,801,2);
insert into dweller ( name, type, ap, tower) values( 'Maria da Conceição Galvão Ferreira', 4,801,2);

insert into dweller ( name, type, ap, tower) values( 'Pedro Alberto da Cruz Dabela', 1,802,2);
insert into dweller ( name, type, ap, tower) values( 'Thayana Dabela Tamae', 2,802,2);
insert into dweller ( name, type, ap, tower) values( 'Pedro Victor Dabela Tamae', 2,802,2);
insert into dweller ( name, type, ap, tower) values( 'Pedro Henrique de Souza Dabela', 2,802,2);
insert into dweller ( name, type, ap, tower) values( 'Maria Rita de Souza Dabela', 2,802,2);

insert into dweller ( name, type, ap, tower) values( 'Maria de Jesus Ferreira Costa', 1,803,2);
insert into dweller ( name, type, ap, tower) values( 'Pamela Alfejó', 2,803,2);

insert into dweller ( name, type, ap, tower) values( 'Jose Hudson Lamego da Silva', 1,804,2);
insert into dweller ( name, type, ap, tower) values( 'Jose Deniz da Silva', 1,804,2);
insert into dweller ( name, type, ap, tower) values( 'Arlene Maria Lamego da Silva Campos', 1,804,2);
insert into dweller ( name, type, ap, tower) values( 'Darcilene Lamego da Silva', 1,804,2);

insert into dweller ( name, type, ap, tower) values( 'Leonardo Barbosa Frota', 1,901,2);
insert into dweller ( name, type, ap, tower) values( 'Niluza Paula', 2,901,2);
insert into dweller ( name, type, ap, tower) values( 'Paula Frota', 2,901,2);
insert into dweller ( name, type, ap, tower) values( 'Eduarda Frota', 2,901,2);
insert into dweller ( name, type, ap, tower) values( 'Gustavo Frota', 2,901,2);

insert into dweller ( name, type, ap, tower) values( 'Rogério de Abreu Rezende', 1,902,2);
insert into dweller ( name, type, ap, tower) values( 'Daniela Cezar Bittencourt de Araujo', 2,902,2);
insert into dweller ( name, type, ap, tower) values( 'Sarah Cezar Bittencourt de Araújo Rezende', 2,902,2);
insert into dweller ( name, type, ap, tower) values( 'Elzimar Cezar B. Araujo', 2,902,2);
insert into dweller ( name, type, ap, tower) values( 'Gabriel B. Menezes Armelim', 2,902,2);

insert into dweller ( name, type, ap, tower) values( 'Julia Fernando Miranda Marques', 1,903,2);
insert into dweller ( name, type, ap, tower) values( 'Wagner Alvino', 2,903,2);
insert into dweller ( name, type, ap, tower) values( 'Wisley Oiveira', 2,903,2);
insert into dweller ( name, type, ap, tower) values( 'Victoria Camilly', 2,903,2);

insert into dweller ( name, type, ap, tower) values( 'Francisco Marques Hiroiaque', 1,904,2);
insert into dweller ( name, type, ap, tower) values( 'Carla Cristina Pereira de Queiroz', 2,904,2);
insert into dweller ( name, type, ap, tower) values( 'Gabriel Queiroz', 2,904,2);

insert into dweller ( name, type, ap, tower) values( 'Gilberto Mota da Silva', 1,1001,2);

insert into dweller ( name, type, ap, tower) values( 'Sayuri Shimizu', 1,1002,2);
insert into dweller ( name, type, ap, tower) values( 'Masanori Murakami', 2,1002,2);

insert into dweller ( name, type, ap, tower) values( 'Jose Antonio de Ávila Lins', 1,1003,2);
insert into dweller ( name, type, ap, tower) values( 'Marlene Moraes Lins', 2,1003,2);
insert into dweller ( name, type, ap, tower) values( 'Jose Antonio de Avila Lins Neto', 2,1003,2);

insert into dweller ( name, type, ap, tower) values( 'Terezinha Ferreira Teixeira', 1,1004,2);
insert into dweller ( name, type, ap, tower) values( 'Ewerton Pontes da Cruz', 2,1004,2);
insert into dweller ( name, type, ap, tower) values( 'Ana Fabiana de Oliveira Teixeira', 2,1004,2);

insert into dweller ( name, type, ap, tower) values( 'Gliceriana Marciel Morais Araujo', 1,1101,2);
insert into dweller ( name, type, ap, tower) values( 'João Eudes de Araujo', 2,1101,2);
insert into dweller ( name, type, ap, tower) values( 'Murilo Lobato Castilho', 2,1101,2);
insert into dweller ( name, type, ap, tower) values( 'Samantha Maciel Morais Araujo', 2,1101,2);

insert into dweller ( name, type, ap, tower) values( 'Maria de Nazaré Pereira da Silva', 1,1102,2);
insert into dweller ( name, type, ap, tower) values( 'Tania Maria Camargo', 2,1102,2);
insert into dweller ( name, type, ap, tower) values( 'Andreza Lima da Silva', 2,1102,2);
insert into dweller ( name, type, ap, tower) values( 'Emille', 2,1102,2);

insert into dweller ( name, type, ap, tower) values( 'Peter Eugen Herzog', 1,1103,2);
insert into dweller ( name, type, ap, tower) values( 'Nilson Massakazu Ando', 2,1103,2);
insert into dweller ( name, type, ap, tower) values( 'Gabriel Néspoli Caldeira', 2,1103,2);
insert into dweller ( name, type, ap, tower) values( 'Mari Massae Ando', 2,1103,2);

insert into dweller ( name, type, ap, tower) values( 'EDIFIK IND COM EDIF EST DE A', 1,1104,2);
insert into dweller ( name, type, ap, tower) values( 'Pedro Pankov', 3,1104,2);
insert into dweller ( name, type, ap, tower) values( 'Jaqueline M.A.Freitas', 4,1104,2);
insert into dweller ( name, type, ap, tower) values( 'Iramylson Fretas', 4,1104,2);
insert into dweller ( name, type, ap, tower) values( 'Julia Freitas', 4,1104,2);
insert into dweller ( name, type, ap, tower) values( 'Mila Freitas', 4,1104,2);
insert into dweller ( name, type, ap, tower) values( 'Valdenora Aguiar', 4,1104,2);

insert into dweller ( name, type, ap, tower) values( 'Maria de Fátima Grosso da Silveira', 1,1201,2);

insert into dweller ( name, type, ap, tower) values( 'Hilder Carlos Norões Rolim', 1,1202,2);
insert into dweller ( name, type, ap, tower) values( 'Pedro Henrique Oliveira Cabral', 3,1202,2);
insert into dweller ( name, type, ap, tower) values( 'Marília Oliveira Cabral', 4,1202,2);
insert into dweller ( name, type, ap, tower) values( 'Dulce Oliveira Cabral', 4,1202,2);

insert into dweller ( name, type, ap, tower) values( 'Engeco-Engenharia e Construções Ltda', 1,1203,2);
insert into dweller ( name, type, ap, tower) values( 'Rodrigo Soares do Nascimento', 2,1203,2);

insert into dweller ( name, type, ap, tower) values( 'Andre Oliveira Cabral', 1,1204,2);
insert into dweller ( name, type, ap, tower) values( 'Haline Abdalla Cabral', 2,1204,2);

insert into dweller ( name, type, ap, tower) values( 'Sidney Barroso Wanderley', 1,1301,2);
insert into dweller ( name, type, ap, tower) values( 'Edjane Cristina da Silva Wanderley', 2,1301,2);
insert into dweller ( name, type, ap, tower) values( 'Amanda Aline Silva Wanderley', 2,1301,2);
insert into dweller ( name, type, ap, tower) values( 'Orlando Valdez Wanderley Neto', 2,1301,2);

insert into dweller ( name, type, ap, tower) values( 'Francisco Reginaldo Alves', 1,1302,2);
insert into dweller ( name, type, ap, tower) values( 'Rosana de Souza Aguiar', 2,1302,2);
insert into dweller ( name, type, ap, tower) values( 'Sofhia Aguiar Alves', 2,1302,2);

insert into dweller ( name, type, ap, tower) values( 'Mario Expedito Neves Guerreiro', 1,1303,2);
insert into dweller ( name, type, ap, tower) values( 'Makoto Horiguchi', 3,1303,2);
insert into dweller ( name, type, ap, tower) values( 'Lucia Mie Assaz', 4,1303,2);
insert into dweller ( name, type, ap, tower) values( 'Alcino Nakauth da Silva', 4,1303,2);
insert into dweller ( name, type, ap, tower) values( 'Ana Francisca Ferreira da Silva', 4,1303,2);
insert into dweller ( name, type, ap, tower) values( 'Maria Nelma de Araújo Pinto', 4,1303,2);

insert into dweller ( name, type, ap, tower) values( 'Lia Costa Arantes', 1,1304,2);
insert into dweller ( name, type, ap, tower) values( 'Wagner Pinheiro de Lima', 2,1304,2);
insert into dweller ( name, type, ap, tower) values( 'Tatiana da Costa Arantes', 2,1304,2);
insert into dweller ( name, type, ap, tower) values( 'Alexandre Frasson', 2,1304,2);
insert into dweller ( name, type, ap, tower) values( 'Misael Arantes dos Santos', 2,1304,2);
insert into dweller ( name, type, ap, tower) values( 'Paulo Cezar Oliveira', 2,1304,2);

insert into dweller ( name, type, ap, tower) values( 'André Mota do Nascimento', 1,1401,2);
insert into dweller ( name, type, ap, tower) values( 'Danyelle Rodrigues Peres Silva', 2,1401,2);
insert into dweller ( name, type, ap, tower) values( 'Laura Peres Motta', 2,1401,2);

insert into dweller ( name, type, ap, tower) values( 'Carlos Eugênio Eugênio Veras de Meneses', 1,1402,2);
insert into dweller ( name, type, ap, tower) values( 'Luciana P. de Oliveira Menezes', 2,1402,2);
insert into dweller ( name, type, ap, tower) values( 'Antonio Carlos Chavier Menezes', 2,1402,2);

insert into dweller ( name, type, ap, tower) values( 'Marcelo Glaucio Vieira Paixão', 1,1403,2);
insert into dweller ( name, type, ap, tower) values( 'Naissa Goes Paixão de Oliveira', 1,1403,2);
insert into dweller ( name, type, ap, tower) values( 'Tiago Pinho Cardoso da Silva', 2,1403,2);

insert into dweller ( name, type, ap, tower) values( 'Ricardo Ribeiro Miranda', 1,1404,2);
insert into dweller ( name, type, ap, tower) values( 'Sonia Regina S. de Miranda', 2,1404,2);
insert into dweller ( name, type, ap, tower) values( 'Beatriz M. de Paula Santos', 2,1404,2);

insert into dweller ( name, type, ap, tower) values( 'Jean Carlos Cabral de Oliveira', 1,1501,2);

insert into dweller ( name, type, ap, tower) values( 'Luiz Alberto Braga Domingues', 1,1502,2);
insert into dweller ( name, type, ap, tower) values( 'Roger Vilela Almeida Reis', 2,1502,2);
insert into dweller ( name, type, ap, tower) values( 'Eliza Reis', 2,1502,2);
insert into dweller ( name, type, ap, tower) values( 'Laiza Reis', 2,1502,2);
insert into dweller ( name, type, ap, tower) values( 'Ana Carolina Vilela', 2,1502,2);

insert into dweller ( name, type, ap, tower) values( 'Glaucio Marques de Souza', 1,1503,2);
insert into dweller ( name, type, ap, tower) values( 'Adriana Souza Silveira de Sousa', 2,1503,2);

insert into dweller ( name, type, ap, tower) values( 'Maurício Benzecry', 1,1504,2);
insert into dweller ( name, type, ap, tower) values( 'Raquel Benzecry', 1,1504,2);
insert into dweller ( name, type, ap, tower) values( 'Lia Benzecry', 2,1504,2);
insert into dweller ( name, type, ap, tower) values( 'Flan Benzecry', 2,1504,2);
insert into dweller ( name, type, ap, tower) values( 'Clarice Benzecry', 2,1504,2);

insert into dweller ( name, type, ap, tower) values( 'Engeco-Engenharia e Construções Ltda', 1,1601,2);

insert into dweller ( name, type, ap, tower) values( 'Paulo Jose Nogueira Batista', 1,1602,2);
insert into dweller ( name, type, ap, tower) values( 'Lucia Folhadela', 2,1602,2);
insert into dweller ( name, type, ap, tower) values( 'Fernando Folhadela', 2,1602,2);

insert into dweller ( name, type, ap, tower) values( 'Maria Aldenir Mota de Brito', 1,1603,2);

insert into dweller ( name, type, ap, tower) values( 'Maria Alzirene Mota de Brito', 1,1604,2);
insert into dweller ( name, type, ap, tower) values( 'Rodrigo  Brito', 2,1604,2);

insert into dweller ( name, type, ap, tower) values( 'Francisca Maia de Souza', 1,1701,2);
insert into dweller ( name, type, ap, tower) values( 'Nicole de Melo Leoni', 3,1701,2);
insert into dweller ( name, type, ap, tower) values( 'Ana Paula Altoé M. de Sousa', 4,1701,2);
insert into dweller ( name, type, ap, tower) values( 'Aline Picolli Portela', 4,1701,2);

insert into dweller ( name, type, ap, tower) values( 'Jhully Anne Ferreira Moteiro', 1,1702,2);
insert into dweller ( name, type, ap, tower) values( 'Ronaldo Matos Monteiro', 2,1702,2);
insert into dweller ( name, type, ap, tower) values( 'Maria Terezinha Ferreira Moteiro', 2,1702,2);

insert into dweller ( name, type, ap, tower) values( 'Engenharia e Construções Ltda', 1,1703,2);
insert into dweller ( name, type, ap, tower) values( 'Agnado Sayde', 2,1703,2);

insert into dweller ( name, type, ap, tower) values( 'Susana Alferes Feijo de Mendonça', 1,1704,2);
insert into dweller ( name, type, ap, tower) values( 'Eduardo Alferes Feijo de Mendonça', 2,1704,2);
insert into dweller ( name, type, ap, tower) values( 'Marisa Abreu Pinheiro', 2,1704,2);

insert into dweller ( name, type, ap, tower) values( 'Carlos Augusto Machado Carneiro', 1,101,3);
insert into dweller ( name, type, ap, tower) values( 'Willen de Jesus Carneiro', 2,101,3);
insert into dweller ( name, type, ap, tower) values( 'Lucas Augusto de Jesus Carneiro', 2,101,3);
insert into dweller ( name, type, ap, tower) values( 'Luiza de Jesus Carneiro', 2,101,3);
insert into dweller ( name, type, ap, tower) values( 'Leonardo de Jesus Carneiro', 2,101,3);

insert into dweller ( name, type, ap, tower) values( 'Adenauer José de Oliveira Gandra', 1,102,3);
insert into dweller ( name, type, ap, tower) values( 'Maura Lucia Pereira Gandra', 2,102,3);

insert into dweller ( name, type, ap, tower) values( 'EDIFIK IND COM EDIF EST DE AL', 1,103,3);
insert into dweller ( name, type, ap, tower) values( 'Pedro Pankov', 1,103,3);
insert into dweller ( name, type, ap, tower) values( 'Adalto Messias de Souza', 3,103,3);
insert into dweller ( name, type, ap, tower) values( 'Jeana Mota de Souza', 3,103,3);
insert into dweller ( name, type, ap, tower) values( 'Luan Mota de Souza', 4,103,3);
insert into dweller ( name, type, ap, tower) values( 'Luna Mota de Souza', 4,103,3);
insert into dweller ( name, type, ap, tower) values( 'Ana Clara Brasil Souza', 4,103,3);
insert into dweller ( name, type, ap, tower) values( 'Lucas Emmanuel Brasil de Sousa', 4,103,3);
insert into dweller ( name, type, ap, tower) values( 'Thaís de Fátima Brasil de Sousa', 4,103,3);

insert into dweller ( name, type, ap, tower) values( 'Gilberto Osvaldo de Sá Ribeiro', 1,104,3);
insert into dweller ( name, type, ap, tower) values( 'Maria do Socorro Chaves Sá Ribeiro', 2,104,3);
insert into dweller ( name, type, ap, tower) values( 'Giulliana Chaves Ribeiro', 2,104,3);
insert into dweller ( name, type, ap, tower) values( 'Nazaré Ferreira Chaves', 2,104,3);
insert into dweller ( name, type, ap, tower) values( 'Maria de Lourdes Ferreira Chaves', 2,104,3);
insert into dweller ( name, type, ap, tower) values( 'Nicolle Carvalho', 2,104,3);

insert into dweller ( name, type, ap, tower) values( 'George Coellho da Cunha', 1,201,3);
insert into dweller ( name, type, ap, tower) values( 'Ireide Coelho da Cunha', 2,201,3);
insert into dweller ( name, type, ap, tower) values( 'Georgia Coellho da Cunha', 2,201,3);
insert into dweller ( name, type, ap, tower) values( 'Geisa Coelho da Cunha', 2,201,3);

insert into dweller ( name, type, ap, tower) values( 'Francisco Antonio Gurgel de Nazare', 1,202,3);
insert into dweller ( name, type, ap, tower) values( 'Diego Antonio da Rocha Gurgel de Nazare', 2,202,3);
insert into dweller ( name, type, ap, tower) values( 'Maria Sonia da Rocha Gurgel', 2,202,3);

insert into dweller ( name, type, ap, tower) values( 'Sandra Lucia de Souza Guedes Rezende', 1,203,3);

insert into dweller ( name, type, ap, tower) values( 'Jose Augusto Soares', 1,204,3);
insert into dweller ( name, type, ap, tower) values( 'Ana Cláudia Lima Monteiro de Castro', 2,204,3);
insert into dweller ( name, type, ap, tower) values( 'Ivo Durães Mazzo', 3,204,3);
insert into dweller ( name, type, ap, tower) values( 'Neila Mazzo', 4,204,3);
insert into dweller ( name, type, ap, tower) values( 'Ana Beatriz Mazzo', 4,204,3);
insert into dweller ( name, type, ap, tower) values( 'Sofia Mazzo', 4,204,3);

insert into dweller ( name, type, ap, tower) values( 'Mario Cesar Alonso', 1,301,3);
insert into dweller ( name, type, ap, tower) values( 'Taís Sandra Aparecida', 2,301,3);
insert into dweller ( name, type, ap, tower) values( 'Sandra A de Camargo Alonso', 2,301,3);

insert into dweller ( name, type, ap, tower) values( 'Paulo Cezar Cavalcante Michiles', 1,302,3);
insert into dweller ( name, type, ap, tower) values( 'Alessandra de Menezes Limongi Michiles', 2,302,3);
insert into dweller ( name, type, ap, tower) values( 'Roberta Limongi', 2,302,3);

insert into dweller ( name, type, ap, tower) values( 'Elza Maria Rego de Siqueira Corrêa', 1,303,3);
insert into dweller ( name, type, ap, tower) values( 'Gabriel de Siqueira Correa', 2,303,3);

insert into dweller ( name, type, ap, tower) values( 'Anna Loyde Cruz Leão de Matos', 1,304,3);
insert into dweller ( name, type, ap, tower) values( 'Marcia Regina Cruz Leão Conley', 2,304,3);
insert into dweller ( name, type, ap, tower) values( 'Ronald Jerry Conley', 2,304,3);
insert into dweller ( name, type, ap, tower) values( 'Anna Loyde Leão(Irmã)', 2,304,3);
insert into dweller ( name, type, ap, tower) values( 'Adelaide almeida (Prima)', 2,304,3);

insert into dweller ( name, type, ap, tower) values( 'José Cunha Barbosa Grosso', 1,401,3);
insert into dweller ( name, type, ap, tower) values( 'Jorge Cunha B. Grosso', 2,401,3);
insert into dweller ( name, type, ap, tower) values( 'Thiago Lima', 2,401,3);

insert into dweller ( name, type, ap, tower) values( 'Marcos Antônio de Paula Lins', 1,402,3);
insert into dweller ( name, type, ap, tower) values( 'Paula Priscilla Acordi Lins', 2,402,3);
insert into dweller ( name, type, ap, tower) values( 'Mirza de Paul Lins', 2,402,3);

insert into dweller ( name, type, ap, tower) values( 'Evelin Staevie dos Santos', 1,403,3);
insert into dweller ( name, type, ap, tower) values( 'EveliseSataevie dos Santos', 2,403,3);
insert into dweller ( name, type, ap, tower) values( 'Rodrigo Barbosa Maia', 2,403,3);
insert into dweller ( name, type, ap, tower) values( 'Marilda Staevie dos Santos', 2,403,3);

insert into dweller ( name, type, ap, tower) values( 'Judith Barroso de Queiroz', 1,404,3);
insert into dweller ( name, type, ap, tower) values( 'Raquel de Queiroz Gervazoni', 2,404,3);
insert into dweller ( name, type, ap, tower) values( 'Nelly Barroso de Queiroz', 2,404,3);
insert into dweller ( name, type, ap, tower) values( 'Rafael de Queiroz Gervazoni', 2,404,3);

insert into dweller ( name, type, ap, tower) values( 'Odaelio Soares de Lima', 1,501,3);
insert into dweller ( name, type, ap, tower) values( 'Slima Construções Ltda', 2,501,3);
insert into dweller ( name, type, ap, tower) values( 'Kelly Correa Bergamasco', 2,501,3);
insert into dweller ( name, type, ap, tower) values( 'Hélio Lima', 2,501,3);

insert into dweller ( name, type, ap, tower) values( 'Jacyra Pereira da Costa', 1,502,3);
insert into dweller ( name, type, ap, tower) values( 'Claudio Roberto Carioca da Costa', 2,502,3);
insert into dweller ( name, type, ap, tower) values( 'Cyd Roberto P. da Costa', 2,502,3);

insert into dweller ( name, type, ap, tower) values( 'Juliana da Costa Matos', 1,503,3);
insert into dweller ( name, type, ap, tower) values( 'Luciana Costa Matos', 2,503,3);

insert into dweller ( name, type, ap, tower) values( 'Luciana Coimbra Siqueira', 1,504,3);
insert into dweller ( name, type, ap, tower) values( 'Herminia Coimbra', 2,504,3);
insert into dweller ( name, type, ap, tower) values( 'Bruno Catunda', 2,504,3);
insert into dweller ( name, type, ap, tower) values( 'Fernando C. Coimbra', 2,504,3);
insert into dweller ( name, type, ap, tower) values( 'Alecrim', 2,504,3);
insert into dweller ( name, type, ap, tower) values( 'Olga Lemos Matos', 2,504,3);
insert into dweller ( name, type, ap, tower) values( 'Marjorye Rattes Garcia', 2,504,3);
insert into dweller ( name, type, ap, tower) values( 'Malu Garcia', 2,504,3);

insert into dweller ( name, type, ap, tower) values( 'José Cunha Barbosa Grosso', 1,601,3);
insert into dweller ( name, type, ap, tower) values( 'Lucinda Tayah', 2,601,3);
insert into dweller ( name, type, ap, tower) values( 'Caetana Famis Freire', 2,601,3);
insert into dweller ( name, type, ap, tower) values( 'Nathan Tayah', 2,601,3);
insert into dweller ( name, type, ap, tower) values( 'Marcelo Carvalho', 2,601,3);
insert into dweller ( name, type, ap, tower) values( 'Hadbah Tayah', 2,601,3);
insert into dweller ( name, type, ap, tower) values( 'Priscila Tayah', 2,601,3);

insert into dweller ( name, type, ap, tower) values( 'Flavio da Silva Raposo', 1,602,3);
insert into dweller ( name, type, ap, tower) values( 'Soraia M Raposo', 2,602,3);
insert into dweller ( name, type, ap, tower) values( 'Silvia Cristina M. Raposo', 2,602,3);
insert into dweller ( name, type, ap, tower) values( 'Flavio Jr', 2,602,3);

insert into dweller ( name, type, ap, tower) values( 'Cid Amorim Nunes', 1,603,3);
insert into dweller ( name, type, ap, tower) values( 'Marcia Amorim', 2,603,3);
insert into dweller ( name, type, ap, tower) values( 'Maria José Dias', 2,603,3);
insert into dweller ( name, type, ap, tower) values( 'Julia Amorim', 2,603,3);
insert into dweller ( name, type, ap, tower) values( 'Fernanda Amorim', 2,603,3);

insert into dweller ( name, type, ap, tower) values( 'Sinezia Maria Rego de Siqueira dos Santos', 1,604,3);
insert into dweller ( name, type, ap, tower) values( 'Pedro Paulo de V. dos Santos', 2,604,3);

insert into dweller ( name, type, ap, tower) values( 'Dayana Arnaud de Oliveira', 1,701,3);
insert into dweller ( name, type, ap, tower) values( 'Francisco A de Oliveira', 2,701,3);
insert into dweller ( name, type, ap, tower) values( 'Dayse Arnaud de Oliveira', 2,701,3);

insert into dweller ( name, type, ap, tower) values( 'Maria das Graças Neves Mota', 1,702,3);
insert into dweller ( name, type, ap, tower) values( 'Greicy Maria Mota de Araujo Fernandes', 2,702,3);
insert into dweller ( name, type, ap, tower) values( 'David Fernades', 2,702,3);
insert into dweller ( name, type, ap, tower) values( 'Eloiza Barreto Mathias', 2,702,3);

insert into dweller ( name, type, ap, tower) values( 'Drogaria Nossa Senhora de Nazaré', 1,703,3);

insert into dweller ( name, type, ap, tower) values( 'Marcio Barbosa Peixoto', 1,704,3);
insert into dweller ( name, type, ap, tower) values( 'kyounghey kwon', 2,704,3);
insert into dweller ( name, type, ap, tower) values( 'Jukyung Sung', 2,704,3);
insert into dweller ( name, type, ap, tower) values( 'Yujae Sung', 2,704,3);
insert into dweller ( name, type, ap, tower) values( 'Ynho Sung', 2,704,3);

insert into dweller ( name, type, ap, tower) values( 'Ronilson dos Santos Serrão', 1,801,3);
insert into dweller ( name, type, ap, tower) values( 'Pollyana Santos Serrão', 2,801,3);
insert into dweller ( name, type, ap, tower) values( 'Pollyanna Michella Silva dos Santos', 2,801,3);
insert into dweller ( name, type, ap, tower) values( 'Simoney Roque Cavalcante', 2,801,3);

insert into dweller ( name, type, ap, tower) values( 'Terezinha de Jesus Teixeira Cruz', 1,802,3);
insert into dweller ( name, type, ap, tower) values( 'Taissa da Cruz Jezini', 2,802,3);
insert into dweller ( name, type, ap, tower) values( 'Abrahim Jezini Junior', 2,802,3);
insert into dweller ( name, type, ap, tower) values( 'Thais wanderley Cruz Jezini', 2,802,3);
insert into dweller ( name, type, ap, tower) values( 'João Gabriel', 2,802,3);
insert into dweller ( name, type, ap, tower) values( 'Maitê Cruz Barbosa', 2,802,3);

insert into dweller ( name, type, ap, tower) values( 'Olivina Suçuarana Perez', 1,803,3);
insert into dweller ( name, type, ap, tower) values( 'Raquel Paiva Viana', 2,803,3);
insert into dweller ( name, type, ap, tower) values( 'Mauro Suçuarana Perez', 2,803,3);

insert into dweller ( name, type, ap, tower) values( 'José Maria Bichara Jr', 1,804,3);
insert into dweller ( name, type, ap, tower) values( 'Andreza Maria Cabral Araujo', 2,804,3);

insert into dweller ( name, type, ap, tower) values( 'Marconis Bacal de Araújo', 1,901,3);
insert into dweller ( name, type, ap, tower) values( 'Caroline Carvalho de Araujo', 2,901,3);
insert into dweller ( name, type, ap, tower) values( 'Cristina Carvalho de Araujo', 2,901,3);
insert into dweller ( name, type, ap, tower) values( 'Paulo Ricardo Barroso Brito de Lima', 2,901,3);
insert into dweller ( name, type, ap, tower) values( 'Juliana Mota do Carvalho Pinheiro', 2,901,3);
insert into dweller ( name, type, ap, tower) values( 'Angelo Max Pinheiro Silva', 2,901,3);

insert into dweller ( name, type, ap, tower) values( 'Sonia Maria Queiroz Banayon', 1,902,3);
insert into dweller ( name, type, ap, tower) values( 'Douglas Queiros Benayon', 2,902,3);
insert into dweller ( name, type, ap, tower) values( 'Dan Queiroz Benayon', 2,902,3);

insert into dweller ( name, type, ap, tower) values( 'Helen Passos da Silva', 1,903,3);
insert into dweller ( name, type, ap, tower) values( 'Nelson José Oliveira da Silva', 2,903,3);
insert into dweller ( name, type, ap, tower) values( 'Erica Passos Pereira', 2,903,3);
insert into dweller ( name, type, ap, tower) values( 'Ana Luiza da Silva Oliveira', 2,903,3);

insert into dweller ( name, type, ap, tower) values( 'Elza Rego de Siqueira', 1,904,3);
insert into dweller ( name, type, ap, tower) values( 'Valdemir Machado de Siqueira', 2,904,3);
insert into dweller ( name, type, ap, tower) values( 'Walmir Rego de Siqueira', 2,904,3);
insert into dweller ( name, type, ap, tower) values( '', 2,904,3);

insert into dweller ( name, type, ap, tower) values( 'Gutembergue M. Araújo', 1,1001,3);
insert into dweller ( name, type, ap, tower) values( 'Carmen Leda Araújo', 2,1001,3);
insert into dweller ( name, type, ap, tower) values( 'Thiaciny Araujo', 2,1001,3);
insert into dweller ( name, type, ap, tower) values( 'Gutembergue Medeiros de Araujo Júnior', 2,1001,3);

insert into dweller ( name, type, ap, tower) values( 'Alessandra Peres de Melo', 1,1002,3);
insert into dweller ( name, type, ap, tower) values( 'Jean Carlos Figueiredo Silva', 2,1002,3);
insert into dweller ( name, type, ap, tower) values( 'Victor Peres de Melo Goulart', 2,1002,3);
insert into dweller ( name, type, ap, tower) values( 'Maria do Socorro da Silva Fonseca (Empregada Doméstica)', 2,1002,3);

insert into dweller ( name, type, ap, tower) values( 'Adriano Augusto Pereira Machado', 1,1003,3);
insert into dweller ( name, type, ap, tower) values( 'Thatyana Borges Rocha', 1,1003,3);
insert into dweller ( name, type, ap, tower) values( 'Adrina Machado', 2,1003,3);
insert into dweller ( name, type, ap, tower) values( 'Caio Machado', 2,1003,3);
insert into dweller ( name, type, ap, tower) values( 'Mateus Machado', 2,1003,3);
insert into dweller ( name, type, ap, tower) values( 'Adriano Jr', 2,1003,3);

insert into dweller ( name, type, ap, tower) values( 'Lena Xavier Louzada', 1,1004,3);
insert into dweller ( name, type, ap, tower) values( 'Jorge Simão Bulbol', 2,1004,3);
insert into dweller ( name, type, ap, tower) values( 'Simão Louzada Bulbol', 2,1004,3);
insert into dweller ( name, type, ap, tower) values( 'Jorge Simão Bulbol Jr.', 2,1004,3);

insert into dweller ( name, type, ap, tower) values( 'Raul Luiz Penheiro Kanawati', 1,1101,3);
insert into dweller ( name, type, ap, tower) values( 'Taileni de Nascimento Kanawati', 2,1101,3);

insert into dweller ( name, type, ap, tower) values( 'Umberto Ramos Rodrigues', 1,1102,3);
insert into dweller ( name, type, ap, tower) values( 'Castor Segundo de Medeiros Ragalado Regis', 3,1102,3);
insert into dweller ( name, type, ap, tower) values( 'Mara Elisa', 4,1102,3);

insert into dweller ( name, type, ap, tower) values( 'Luiz Otávio Cabral de Silva', 1,1103,3);
insert into dweller ( name, type, ap, tower) values( 'Raffaella Moretti Silva', 2,1103,3);
insert into dweller ( name, type, ap, tower) values( 'Maria Clara Moretti Silva', 2,1103,3);

insert into dweller ( name, type, ap, tower) values( 'Luiz Otávio Cabral de Silva', 1,1103,3);
insert into dweller ( name, type, ap, tower) values( 'Raffaella Moretti Silva', 2,1103,3);
insert into dweller ( name, type, ap, tower) values( 'Maria Clara Moretti Silva', 2,1103,3);

insert into dweller ( name, type, ap, tower) values( 'Geraldo Gomes Alves', 1,1104,3);
insert into dweller ( name, type, ap, tower) values( 'Etelvina M. Araujo de Queiroz', 2,1104,3);
insert into dweller ( name, type, ap, tower) values( 'klicia', 2,1104,3);

insert into dweller ( name, type, ap, tower) values( 'Fabrício de S. B. Grosso', 1,1201,3);
insert into dweller ( name, type, ap, tower) values( 'José Cunha Barbosa Grosso', 2,1201,3);
insert into dweller ( name, type, ap, tower) values( 'Erika P. Grosso', 2,1201,3);

insert into dweller ( name, type, ap, tower) values( 'Priscila Costa de Menezes', 1,1202,3);
insert into dweller ( name, type, ap, tower) values( 'Rodrigo Reis Ribeiro Bastos', 2,1202,3);
insert into dweller ( name, type, ap, tower) values( 'Cristiane Vasconcelos Ribeiro Bastos', 2,1202,3);

insert into dweller ( name, type, ap, tower) values( 'Juliana Lima Fregapani', 1,1203,3);
insert into dweller ( name, type, ap, tower) values( 'Juliana Lima', 2,1203,3);
insert into dweller ( name, type, ap, tower) values( 'Daniel Deniz', 2,1203,3);
insert into dweller ( name, type, ap, tower) values( 'Larissa Lima', 2,1203,3);

insert into dweller ( name, type, ap, tower) values( 'Maria de Jesus Azedo Brandão', 1,1204,3);
insert into dweller ( name, type, ap, tower) values( 'Marcela Azedo Brandão', 2,1204,3);
insert into dweller ( name, type, ap, tower) values( 'Antonio Moreira Brandão', 2,1204,3);
insert into dweller ( name, type, ap, tower) values( 'Tiago Azedo Brandão', 2,1204,3);
insert into dweller ( name, type, ap, tower) values( 'Jade Galvão Brandão', 2,1204,3);
insert into dweller ( name, type, ap, tower) values( 'Marcia Azedo Brandão', 2,1204,3);
insert into dweller ( name, type, ap, tower) values( 'Igor Hosken', 2,1204,3);
insert into dweller ( name, type, ap, tower) values( 'Laura Azedo Brandão Hosken', 2,1204,3);
insert into dweller ( name, type, ap, tower) values( 'Maria Izabela Galvão Brandão', 2,1204,3);

insert into dweller ( name, type, ap, tower) values( 'Cristina Motta Ferreira', 1,1301,3);
insert into dweller ( name, type, ap, tower) values( 'Wilhiam A. Ferreira', 2,1301,3);
insert into dweller ( name, type, ap, tower) values( 'Guilherme M. Antunes Ferreira', 2,1301,3);
insert into dweller ( name, type, ap, tower) values( 'Gabriel Mota Ferreira', 2,1301,3);

insert into dweller ( name, type, ap, tower) values( 'Jose Vieira de Souza Junior', 1,1302,3);
insert into dweller ( name, type, ap, tower) values( 'Lacilda Adélia Sampaio de Souza', 1,1302,3);
insert into dweller ( name, type, ap, tower) values( 'Claumendes Lardoso de Souza', 3,1302,3);
insert into dweller ( name, type, ap, tower) values( 'David Clearence Henson', 4,1302,3);
insert into dweller ( name, type, ap, tower) values( 'Mariana Costa Gusmão Fernandes', 4,1302,3);
insert into dweller ( name, type, ap, tower) values( 'Luiz Henrique Sousa Fernandes', 4,1302,3);
insert into dweller ( name, type, ap, tower) values( 'Vitória Gusmão Fernandes', 4,1302,3);
insert into dweller ( name, type, ap, tower) values( 'Becca Henson', 4,1302,3);
insert into dweller ( name, type, ap, tower) values( 'Dax Henson', 4,1302,3);
insert into dweller ( name, type, ap, tower) values( 'Drew Henson', 4,1302,3);

insert into dweller ( name, type, ap, tower) values( 'Mario Expedito Neves Guerreiro', 1,1303,3);

insert into dweller ( name, type, ap, tower) values( 'Roger Moreira de Queiroz', 1,1304,3);
insert into dweller ( name, type, ap, tower) values( 'Anna Luiza M. Biatto de Menezes', 2,1304,3);

insert into dweller ( name, type, ap, tower) values( 'Ivania de Oliveira Neves', 1,1401,3);
insert into dweller ( name, type, ap, tower) values( 'Benedita Maria de Carvalho Ramos', 2,1401,3);
insert into dweller ( name, type, ap, tower) values( 'Hugo Fernandes Levy Filho', 2,1401,3);
insert into dweller ( name, type, ap, tower) values( 'Camille Dinaray Levy Angelin', 2,1401,3);
insert into dweller ( name, type, ap, tower) values( 'Lara Raquel Neves Levy', 2,1401,3);

insert into dweller ( name, type, ap, tower) values( 'Noaldo Oliveira de Lucena', 1,1402,3);
insert into dweller ( name, type, ap, tower) values( 'Raimundo Cordeiro Moreiro', 2,1402,3);
insert into dweller ( name, type, ap, tower) values( 'Gabriel Ishikawa de Lucena Moreira', 2,1402,3);

insert into dweller ( name, type, ap, tower) values( 'Anatole Santos', 1,1403,3);
insert into dweller ( name, type, ap, tower) values( 'Pedro Henrique Araujo M. Santos', 2,1403,3);

insert into dweller ( name, type, ap, tower) values( 'Ivete Melo Peixoto de França', 1,1404,3);
insert into dweller ( name, type, ap, tower) values( 'Daniel de Melo Lopes', 2,1404,3);

insert into dweller ( name, type, ap, tower) values( 'Julia de Menezes Salomão', 1,1501,3);
insert into dweller ( name, type, ap, tower) values( 'Diogo Salomão', 2,1501,3);
insert into dweller ( name, type, ap, tower) values( 'Silvia Veras de Menezes', 2,1501,3);

insert into dweller ( name, type, ap, tower) values( 'Marcelo Augusto de Albuquerque Barbosa', 1,1502,3);
insert into dweller ( name, type, ap, tower) values( 'Sheila Bandeira da C. Barbosa', 2,1502,3);
insert into dweller ( name, type, ap, tower) values( 'Sofia Bandeira', 2,1502,3);
insert into dweller ( name, type, ap, tower) values( 'Francisco Barbosa', 2,1502,3);

insert into dweller ( name, type, ap, tower) values( 'Mario Expedito Guerreiro', 1,1503,3);
insert into dweller ( name, type, ap, tower) values( 'Michael Javan Gibson', 3,1503,3);

insert into dweller ( name, type, ap, tower) values( 'Adriano Cesar Cabral de Aquino e Silva', 1,1504,3);
insert into dweller ( name, type, ap, tower) values( 'Rebeca Araujo simões de Aquino', 2,1504,3);
insert into dweller ( name, type, ap, tower) values( 'Pietra simões de aquino', 2,1504,3);
insert into dweller ( name, type, ap, tower) values( 'Letícia simões de aquino', 2,1504,3);

insert into dweller ( name, type, ap, tower) values( 'Maria de Fátima Grosso da Silveira', 1,1601,3);

insert into dweller ( name, type, ap, tower) values( 'Áurea Carvalho Pinheiro', 1,1602,3);
insert into dweller ( name, type, ap, tower) values( 'Ademir Carvalho Pinheiro', 2,1602,3);
insert into dweller ( name, type, ap, tower) values( 'Aurélio Carvalho Pinheiro', 2,1602,3);
insert into dweller ( name, type, ap, tower) values( 'Monique Pinheiro', 2,1602,3);

insert into dweller ( name, type, ap, tower) values( 'Áurea Carvalho Pinheiro', 1,1603,3);

insert into dweller ( name, type, ap, tower) values( 'Jarlete Alves Coelho', 1,1604,3);
insert into dweller ( name, type, ap, tower) values( 'Pedro Monteiro de Araujo', 2,1604,3);
insert into dweller ( name, type, ap, tower) values( 'Izaias dos Reis Moteiro', 2,1604,3);
insert into dweller ( name, type, ap, tower) values( 'karen Pricilla Coelho Santana', 2,1604,3);
insert into dweller ( name, type, ap, tower) values( 'Kaate Coelho Santana', 2,1604,3);

insert into dweller ( name, type, ap, tower) values( 'Paulo Bigi Junior', 1,1701,3);
insert into dweller ( name, type, ap, tower) values( 'Fátima Bigi', 2,1701,3);
insert into dweller ( name, type, ap, tower) values( 'Breno Acacio', 2,1701,3);
insert into dweller ( name, type, ap, tower) values( 'André Acacio Bigi', 2,1701,3);
insert into dweller ( name, type, ap, tower) values( 'Ana Claudia Acacio Bigi', 2,1701,3);

insert into dweller ( name, type, ap, tower) values( 'Abelardo Gautama Moreira Pampolha', 1,1702,3);
insert into dweller ( name, type, ap, tower) values( 'Fernanda Esther Falabella Pampolha', 2,1702,3);

insert into dweller ( name, type, ap, tower) values( 'Marcello Belota Saunier', 1,1703,3);
insert into dweller ( name, type, ap, tower) values( 'Danyelle Bellota Saunier', 2,1703,3);
insert into dweller ( name, type, ap, tower) values( 'Danyelle Matias C de Oliveira', 2,1703,3);

insert into dweller ( name, type, ap, tower) values( 'Julio Afonso de Souza Mesquita', 1,1704,3);
insert into dweller ( name, type, ap, tower) values( 'Maria de Nazaré Chaves Fiqueira', 2,1704,3);
insert into dweller ( name, type, ap, tower) values( 'Julie Cristina C. Mesquita', 2,1704,3);
insert into dweller ( name, type, ap, tower) values( 'Jade', 2,1704,3);

--- update de AP ...

update dweller set ap = 1 where ap = 101;
update dweller set ap = 2 where ap = 102;
update dweller set ap = 3 where ap = 103;
update dweller set ap = 4 where ap = 104;

update dweller set ap = 5 where ap = 201;
update dweller set ap = 6 where ap = 202;
update dweller set ap = 7 where ap = 203;
update dweller set ap = 8 where ap = 204;

update dweller set ap = 9 where ap = 301;
update dweller set ap = 10 where ap = 302;
update dweller set ap = 11 where ap = 303;
update dweller set ap = 12 where ap = 304;

update dweller set ap = 13 where ap = 401;
update dweller set ap = 14 where ap = 402;
update dweller set ap = 15 where ap = 403;
update dweller set ap = 16 where ap = 404;

update dweller set ap = 17 where ap = 501;
update dweller set ap = 18 where ap = 502;
update dweller set ap = 19 where ap = 503;
update dweller set ap = 20 where ap = 504;

update dweller set ap = 21 where ap = 601;
update dweller set ap = 22 where ap = 602;
update dweller set ap = 23 where ap = 603;
update dweller set ap = 24 where ap = 604;

update dweller set ap = 25 where ap = 701;
update dweller set ap = 26 where ap = 702;
update dweller set ap = 27 where ap = 703;
update dweller set ap = 28 where ap = 704;

update dweller set ap = 29 where ap = 801;
update dweller set ap = 30 where ap = 802;
update dweller set ap = 31 where ap = 803;
update dweller set ap = 32 where ap = 804;

update dweller set ap = 33 where ap = 901;
update dweller set ap = 34 where ap = 902;
update dweller set ap = 35 where ap = 903;
update dweller set ap = 36 where ap = 904;

update dweller set ap = 37 where ap = 1001;
update dweller set ap = 38 where ap = 1002;
update dweller set ap = 39 where ap = 1003;
update dweller set ap = 40 where ap = 1004;

update dweller set ap = 41 where ap = 1101;
update dweller set ap = 42 where ap = 1102;
update dweller set ap = 43 where ap = 1103;
update dweller set ap = 44 where ap = 1104;

update dweller set ap = 45 where ap = 1201;
update dweller set ap = 46 where ap = 1202;
update dweller set ap = 47 where ap = 1203;
update dweller set ap = 48 where ap = 1204;

update dweller set ap = 49 where ap = 1301;
update dweller set ap = 50 where ap = 1302;
update dweller set ap = 51 where ap = 1303;
update dweller set ap = 52 where ap = 1304;

update dweller set ap = 53 where ap = 1401;
update dweller set ap = 54 where ap = 1402;
update dweller set ap = 55 where ap = 1403;
update dweller set ap = 56 where ap = 1404;

update dweller set ap = 57 where ap = 1501;
update dweller set ap = 58 where ap = 1502;
update dweller set ap = 59 where ap = 1503;
update dweller set ap = 60 where ap = 1504;

update dweller set ap = 61 where ap = 1601;
update dweller set ap = 62 where ap = 1602;
update dweller set ap = 63 where ap = 1603;
update dweller set ap = 64 where ap = 1604;

update dweller set ap = 65 where ap = 1701;
update dweller set ap = 66 where ap = 1702;
update dweller set ap = 67 where ap = 1703;
update dweller set ap = 68 where ap = 1704;

